<?xml version="1.0" encoding="UTF-8"?>
<!DOCTYPE rdf:RDF [
    <!ENTITY dul 'http://www.ontologydesignpatterns.org/ont/dul/DUL.owl#'>
    <!ENTITY owl 'http://www.w3.org/2002/07/owl#'>
    <!ENTITY owl2xml 'http://www.w3.org/2006/12/owl2-xml#'>
    <!ENTITY rdf 'http://www.w3.org/1999/02/22-rdf-syntax-ns#'>
    <!ENTITY rdfs 'http://www.w3.org/2000/01/rdf-schema#'>
    <!ENTITY xsd 'http://www.w3.org/2001/XMLSchema#'>
]>

<rdf:RDF
    xml:base="http://www.ontologydesignpatterns.org/ont/dul/CollectionsLite.owl"
    xmlns="http://www.ontologydesignpatterns.org/ont/dul/CollectionsLite.owl#"
    xmlns:CollectionsLite="http://www.ontologydesignpatterns.org/ont/dul/CollectionsLite.owl#"
    xmlns:dul="http://www.ontologydesignpatterns.org/ont/dul/DUL.owl#"
    xmlns:owl="http://www.w3.org/2002/07/owl#"
    xmlns:owl2xml="http://www.w3.org/2006/12/owl2-xml#"
    xmlns:rdf="http://www.w3.org/1999/02/22-rdf-syntax-ns#"
    xmlns:rdfs="http://www.w3.org/2000/01/rdf-schema#"
    xmlns:xsd="http://www.w3.org/2001/XMLSchema#">

<owl:Ontology rdf:about="">
    <owl:imports rdf:resource="http://www.ontologydesignpatterns.org/ont/dul/DUL.owl"/>
    <rdfs:comment rdf:datatype="&xsd;string">A placeholder for an ontology of collection and collective types.</rdfs:comment>
    <owl:versionInfo rdf:datatype="&xsd;string"><![CDATA[0.1
As of version 0.1, only 4 kinds of collections have been input, for use in OntoWordNet alignment.
Author: Aldo Gangemi]]></owl:versionInfo>
</owl:Ontology>

<owl:Class rdf:about="#GeneticCollection">
    <rdfs:subClassOf rdf:resource="#AgentCollection"/>
</owl:Class>

<owl:Class rdf:about="#AgentCollection">
    <rdfs:subClassOf rdf:resource="&dul;Collection"/>
</owl:Class>

<owl:Class rdf:about="#InformationCollection">
    <rdfs:subClassOf>
        <owl:Restriction>
            <owl:onProperty rdf:resource="&dul;hasMember"/>
            <owl:allValuesFrom rdf:resource="&dul;SocialObject"/>
        </owl:Restriction>
    </rdfs:subClassOf>
    <rdfs:subClassOf rdf:resource="&dul;Collection"/>
</owl:Class>

<owl:Class rdf:about="#Taxon">
    <rdfs:subClassOf rdf:resource="&dul;TypeCollection"/>
</owl:Class>

<owl:Class rdf:about="#AgentCollection">
    <rdfs:label xml:lang="en">Agent collection</rdfs:label>
</owl:Class>

<owl:Class rdf:about="#GeneticCollection">
    <rdfs:label xml:lang="en">Genetic collection</rdfs:label>
</owl:Class>

<owl:Class rdf:about="#InformationCollection">
    <rdfs:comment rdf:datatype="&xsd;string"><![CDATA[A collection of social objects that is characterized by a conventional or emergent property, e.g. a corpus, a legal body, etc.
An information collection only has social objects as members.]]></rdfs:comment>
    <rdfs:label xml:lang="en">Information collection</rdfs:label>
</owl:Class>

<owl:Class rdf:about="#Taxon">
    <rdfs:label xml:lang="en">Taxon</rdfs:label>
</owl:Class>



<owl:Class rdf:about="&dul;Collection"/>

<owl:Class rdf:about="&dul;SocialObject"/>

<owl:Class rdf:about="&dul;TypeCollection"/>

<owl:ObjectProperty rdf:about="&dul;hasMember"/>

</rdf:RDF>
